{
  "monthly_inc_99": 24178.45000000012,
  "debt_ratio_99": 2.853676269179991
}